dt_entity_key,now_ci_class,bind_strategy,sgc_managed
cloud:gcp:apigee_environment,cmdb_ci,ire_correlated,false
cloud:gcp:apigee_proxy,cmdb_ci_appl,ire_correlated,false
cloud:gcp:apigee_target,cmdb_ci_appl,ire_correlated,false
cloud:gcp:autoscaler,cmdb_ci,ire_correlated,false
cloud:gcp:cloud_function,cmdb_ci_cloud_function,ire_correlated,false
cloud:gcp:cloud_run_revision,cmdb_ci_cloud_appserver,ire_correlated,false
cloud:gcp:cloudsql_database,cmdb_ci_cloud_database,ire_correlated,false
cloud:gcp:filestore_instance,cmdb_ci_cloud_file_service,ire_correlated,false
cloud:gcp:gae_app,cmdb_ci_cloud_appserver,ire_correlated,false
cloud:gcp:gce_instance,cmdb_ci_vm_instance,ire_correlated,false
cloud:gcp:gcs_bucket,cmdb_ci_cloud_object_storage,ire_correlated,false
cloud:gcp:https_lb,cmdb_ci_cloud_load_balancer,ire_correlated,false
cloud:gcp:instance_group,cmdb_ci_cloud_resource_base,ire_correlated,false
cloud:gcp:internal_http_lb_rule,cmdb_ci_cloud_load_balancer,ire_correlated,false
cloud:gcp:internal_network_lb_rule,cmdb_ci_cloud_load_balancer,ire_correlated,false
cloud:gcp:k8s_cluster,cmdb_ci_kubernetes_cluster,ire_correlated,false
cloud:gcp:k8s_container,cmdb_ci_kubernetes_component,ire_correlated,false
cloud:gcp:k8s_node,cmdb_ci_kubernetes_node,ire_correlated,false
cloud:gcp:k8s_pod,cmdb_ci_kubernetes_pod,ire_correlated,false
cloud:gcp:network_lb_rule,cmdb_ci_cloud_load_balancer,ire_correlated,false
cloud:gcp:project,cmdb_ci_cloud_org,ire_correlated,false
cloud:gcp:pubsub_snapshot,cmdb_ci,ire_correlated,false
cloud:gcp:pubsub_subscription,cmdb_ci_cloud_queue_service,ire_correlated,false
cloud:gcp:pubsub_topic,cmdb_ci_cloud_topic,ire_correlated,false
cloud:gcp:pubsublite_subscription_partition,cmdb_ci_cloud_queue_service,ire_correlated,false
cloud:gcp:pubsublite_topic_partition,cmdb_ci_cloud_topic,ire_correlated,false
cloud:gcp:tcp_ssl_proxy_rule,cmdb_ci_cloud_load_balancer,ire_correlated,false
cloud:gcp:tpu_worker,cmdb_ci_cloud_host,ire_correlated,false
cloud:oci:compute,cmdb_ci_vm_instance,ire_correlated,false
cloud:oci:instance_pool,cmdb_ci_cloud_resource_base,ire_correlated,false
cloud:oci:tenant,cmdb_ci_cloud_org,ire_correlated,false
