dt_entity_key,smartscape_type,source_extension
ad_domain,AD_DOMAIN,com.dynatrace.extension.active-directory-python-unabridged
ad_instance,AD_INSTANCE,com.dynatrace.extension.active-directory-python-unabridged
ad_dns,AD_DNS,com.dynatrace.extension.active-directory-python-unabridged
ad_dhcp,AD_DHCP,com.dynatrace.extension.active-directory-python-unabridged
ad_dfs,AD_DFS,com.dynatrace.extension.active-directory-python-unabridged
ad_ldap,AD_LDAP,com.dynatrace.extension.active-directory-python-unabridged
ad_atq,AD_ATQ,com.dynatrace.extension.active-directory-python-unabridged
ad_dra,AD_DRA,com.dynatrace.extension.active-directory-python-unabridged
ad_network,AD_NETWORK,com.dynatrace.extension.active-directory-python-unabridged
ad_db,AD_DB,com.dynatrace.extension.active-directory-python-unabridged
lsa_ntlm,LSA_NTLM,com.dynatrace.extension.active-directory-python-unabridged
lsa_esent,LSA_ESENT,com.dynatrace.extension.active-directory-python-unabridged
lsa_kerberos,LSA_KERBEROS,com.dynatrace.extension.active-directory-python-unabridged
akamai_siem_config,AKAMAI_SIEM_CONFIG,com.dynatrace.extension.akamai-siem
apigee_organization,APIGEE_ORGANIZATION,com.dynatrace.extension.apigee
apigee_api_proxy,APIGEE_API_PROXY,com.dynatrace.extension.apigee
certificate,CERTIFICATE,com.dynatrace.custom.python-certificate-monitor
certificate_monitor,CERTIFICATE_MONITOR,com.dynatrace.custom.python-certificate-monitor
cisco_aci_fabric,CISCO_ACI_FABRIC,com.dynatrace.extension.cisco-aci
cisco_aci_pod,CISCO_ACI_POD,com.dynatrace.extension.cisco-aci
cisco_aci_node,CISCO_ACI_NODE,com.dynatrace.extension.cisco-aci
databricks_workspace,DATABRICKS_WORKSPACE,com.dynatrace.databricks-workspace
databricks_cluster,DATABRICKS_CLUSTER,com.dynatrace.databricks-workspace
databricks_model_serving_endpoint,DATABRICKS_MODEL_SERVING_ENDPOINT,com.dynatrace.databricks-workspace
db_asm_disk_group_oracle,DB_ASM_DISK_GROUP_ORACLE,com.dynatrace.extension.sql-oracle
db_availability_database_mssql,DB_AVAILABILITY_DATABASE_MSSQL,com.dynatrace.extension.sql-server
db_availability_group_mssql,DB_AVAILABILITY_GROUP_MSSQL,com.dynatrace.extension.sql-server
db_availability_replica_mssql,DB_AVAILABILITY_REPLICA_MSSQL,com.dynatrace.extension.sql-server
db_cluster_oracle,DB_CLUSTER_ORACLE,com.dynatrace.extension.sql-oracle
db_database_hana,DB_DATABASE_HANA,com.dynatrace.extension.sql-sap-hana
db_database_mariadb,DB_DATABASE_MARIADB,com.dynatrace.extension.mariadb
db_database_member_db2,DB_DATABASE_MEMBER_DB2,com.dynatrace.extension.sql-db2
db_database_mssql,DB_DATABASE_MSSQL,com.dynatrace.extension.sql-server
db_database_mysql,DB_DATABASE_MYSQL,com.dynatrace.extension.mysql
db_database_oracle,DB_DATABASE_ORACLE,com.dynatrace.extension.sql-oracle
db_database_postgres,DB_DATABASE_POSTGRES,com.dynatrace.extension.postgres
db_index_mysql,DB_INDEX_MYSQL,com.dynatrace.extension.mysql
db_instance_db2,DB_INSTANCE_DB2,com.dynatrace.extension.sql-db2
db_instance_hana,DB_INSTANCE_HANA,com.dynatrace.extension.sql-sap-hana
db_instance_mariadb,DB_INSTANCE_MARIADB,com.dynatrace.extension.mariadb
db_instance_mssql,DB_INSTANCE_MSSQL,com.dynatrace.extension.sql-server
db_instance_mysql,DB_INSTANCE_MYSQL,com.dynatrace.extension.mysql
db_instance_oracle,DB_INSTANCE_ORACLE,com.dynatrace.extension.sql-oracle
db_instance_postgres,DB_INSTANCE_POSTGRES,com.dynatrace.extension.postgres
db_service_hana,DB_SERVICE_HANA,com.dynatrace.extension.sql-sap-hana
db_table_mysql,DB_TABLE_MYSQL,com.dynatrace.extension.mysql
db_tablespace_db2,DB_TABLESPACE_DB2,com.dynatrace.extension.sql-db2
elasticsearch_cluster,ELASTICSEARCH_CLUSTER,com.dynatrace.extension.elasticsearch
elasticsearch_disk,ELASTICSEARCH_DISK,com.dynatrace.extension.elasticsearch
elasticsearch_index,ELASTICSEARCH_INDEX,com.dynatrace.extension.elasticsearch
elasticsearch_node,ELASTICSEARCH_NODE,com.dynatrace.extension.elasticsearch
elasticsearch_thread_pool,ELASTICSEARCH_THREAD_POOL,com.dynatrace.extension.elasticsearch
ext_network_device,EXT_NETWORK_DEVICE,"com.dynatrace.extension.cisco-aci, com.dynatrace.extension.meraki-api, com.dynatrace.extension.snmp-auto-discovery, custom:my.opentelemetry.network.observability"
ext_network_interface,EXT_NETWORK_INTERFACE,"com.dynatrace.extension.cisco-aci, com.dynatrace.extension.meraki-api, com.dynatrace.extension.snmp-auto-discovery, custom:my.opentelemetry.network.observability"
ibmmq_alias_queue,IBMMQ_ALIAS_QUEUE,com.dynatrace.extension.ibm-mq
ibmmq_buffer_pool,IBMMQ_BUFFER_POOL,com.dynatrace.extension.ibm-mq
ibmmq_channel,IBMMQ_CHANNEL,com.dynatrace.extension.ibm-mq
ibmmq_listener,IBMMQ_LISTENER,com.dynatrace.extension.ibm-mq
ibmmq_local_queue,IBMMQ_LOCAL_QUEUE,com.dynatrace.extension.ibm-mq
ibmmq_pageset,IBMMQ_PAGESET,com.dynatrace.extension.ibm-mq
ibmmq_queue_manager,IBMMQ_QUEUE_MANAGER,com.dynatrace.extension.ibm-mq
ibmmq_remote_queue,IBMMQ_REMOTE_QUEUE,com.dynatrace.extension.ibm-mq
ibmmq_topic,IBMMQ_TOPIC,com.dynatrace.extension.ibm-mq
meraki_network,MERAKI_NETWORK,com.dynatrace.extension.meraki-api
meraki_organization,MERAKI_ORGANIZATION,com.dynatrace.extension.meraki-api
meraki_powersupply,MERAKI_POWERSUPPLY,com.dynatrace.extension.meraki-api
msmq_queue,MSMQ_QUEUE,com.dynatrace.extension.wmi.msmq
msmq_service_instance,MSMQ_SERVICE_INSTANCE,com.dynatrace.extension.wmi.msmq
office365_tenant,OFFICE365_TENANT,com.dynatrace.extension.office365
otel_host,OTEL_HOST,com.dynatrace.extension.opentelemetry
otel_process,OTEL_PROCESS,com.dynatrace.extension.opentelemetry
sql_snowflake_account,SQL_SNOWFLAKE_ACCOUNT,com.dynatrace.extension.sql-snowflake
sql_snowflake_warehouse,SQL_SNOWFLAKE_WAREHOUSE,com.dynatrace.extension.sql-snowflake
