dt_entity_key,smartscape_type,already_in_classic
host,HOST,true
process,PROCESS,false
service,SERVICE,true
frontend,FRONTEND,false
disk,DISK,true
k8s_cluster,K8S_CLUSTER,false
k8s_node,K8S_NODE,false
k8s_namespace,K8S_NAMESPACE,false
k8s_pod,K8S_POD,false
k8s_deployment,K8S_DEPLOYMENT,false
k8s_statefulset,K8S_STATEFULSET,false
k8s_daemonset,K8S_DAEMONSET,false
k8s_job,K8S_JOB,false
k8s_cronjob,K8S_CRONJOB,false
k8s_service,K8S_SERVICE,false
k8s_ingress,K8S_INGRESS,false
k8s_replicaset,K8S_REPLICASET,false
browser_monitor,BROWSER_MONITOR,false
http_monitor,HTTP_MONITOR,false
network_availability_monitor,NETWORK_AVAILABILITY_MONITOR,false
synthetic_location,SYNTHETIC_LOCATION,true
db_table_postgres,DB_TABLE_POSTGRES,false
db_index_postgres,DB_INDEX_POSTGRES,false
