class_name,label
cmdb_ci,Configuration Item
cmdb_ci_4g_authentication_authorization_accounting_function,Authentication Authorization Accounting Function
cmdb_ci_4g_home_subscriber_server_function,Home Subscriber Server Function
cmdb_ci_4g_mobility_management_entity_function,Mobility Management Entity Function
cmdb_ci_4g_packet_data_gateway_function,Packet Data Network Gateway Function
cmdb_ci_4g_policy_charging_rules_function,Policy and Charging Rules Function
cmdb_ci_4g_serving_gateway_function,Serving Gateway Function
cmdb_ci_5g_access_mobility_function,Access and Mobility Management Network Function
cmdb_ci_5g_authentication_server_function,Authentication Server Network Function
cmdb_ci_5g_cu_control_plane_network_function,RAN Central Unit Control Plane Function
cmdb_ci_5g_cu_user_plane_network_function,RAN Central Unit User Plane Function
cmdb_ci_5g_du_network_function,RAN Distributed Unit Function
cmdb_ci_5g_network_exposure_function,Network Exposure Function
cmdb_ci_5g_network_repository_function,Network Repository Function
cmdb_ci_5g_network_slice_selection_function,Network Slice Selection Function
cmdb_ci_5g_policy_control_function,Policy Control Function
cmdb_ci_5g_session_management_function,Session Management Function
cmdb_ci_5g_unified_data_management_function,Unified Data Management Function
cmdb_ci_5g_user_plane_function,User Plane Function
cmdb_ci_acc,Accessory
cmdb_ci_ad_controller,Active Directory Domain Controller
cmdb_ci_ad_domain,AD Domain
cmdb_ci_agility_process,Agility Process
cmdb_ci_aircraft,Aircraft
cmdb_ci_aix_server,AIX Server
cmdb_ci_alert_group,Alert Query
cmdb_ci_alias,Alias
cmdb_ci_alibaba_datacenter,Alibaba Datacenter
cmdb_ci_allocated_ip_address,Allocated IP Address
cmdb_ci_ammunition,Ammunition
cmdb_ci_antenna,Antenna
cmdb_ci_antenna_control,Antenna Control
cmdb_ci_antenna_structure,Antenna Structure
cmdb_ci_anypoint_api_gateway,Anypoint API Gateway
cmdb_ci_apache_active_mq,Apache Active MQ
cmdb_ci_apache_web_server,Apache Web Server
cmdb_ci_api,API
cmdb_ci_api_backend,API Backend
cmdb_ci_api_component,API Component
cmdb_ci_api_consumer_subscription,API Consumer Subscription
cmdb_ci_api_frontend,API Frontend
cmdb_ci_api_gateway,API Gateway
cmdb_ci_api_product_bundle,API Product Bundle
cmdb_ci_apic_host,Apic Host
cmdb_ci_apic_tenant,Apic Tenant
cmdb_ci_apigee_api_gateway,Apigee API Gateway
cmdb_ci_apigee_endpoint,APIGee EP to get targets host by source url
cmdb_ci_app_network_profile,Application Network Profile
cmdb_ci_app_server,Application Server
cmdb_ci_app_server_composer,Composer
cmdb_ci_app_server_datapower,Data Power
cmdb_ci_app_server_domino,Domino
cmdb_ci_app_server_dp_domain,Data Power Domain
cmdb_ci_app_server_hp_ucmdb,HP uCMDB
cmdb_ci_app_server_java,JavaServer
cmdb_ci_app_server_jb_module,Jboss module
cmdb_ci_app_server_jboss,JBoss
cmdb_ci_app_server_jrun,Jrun
cmdb_ci_app_server_jrun_war,Jrun WAR
cmdb_ci_app_server_ora_ess,Oracle Essbase Server
cmdb_ci_app_server_ora_ias,Oracle iAS
cmdb_ci_app_server_ora_ias_m,Oracle iAS Web module
cmdb_ci_app_server_remedy,Remedy HSServer
cmdb_ci_app_server_tomcat,Tomcat
cmdb_ci_app_server_tomcat_war,Tomcat WAR
cmdb_ci_app_server_vendavo,Vendavo Application Server
cmdb_ci_app_server_weblogic,Oracle WebLogic
cmdb_ci_app_server_webseal,Webseal
cmdb_ci_app_server_websphere,IBM WebSphere AS
cmdb_ci_app_server_wl_module,WeblogicModule
cmdb_ci_app_server_ws_ear,Websphere EAR
cmdb_ci_app_server_ws_odr,Websphere ODR LB
cmdb_ci_app_simulation,Simulation
cmdb_ci_app_simulation_inc,Simulation Inclusion
cmdb_ci_apparel,Apparel
cmdb_ci_appl,Application
cmdb_ci_appl_active_directory,Active Directory Service
cmdb_ci_appl_ai_application,AI & Model Application
cmdb_ci_appl_apigee_srv,APIGee Service
cmdb_ci_appl_biztalk,BizTalk
cmdb_ci_appl_biztalk_orch,BizTalk Orchestration
cmdb_ci_appl_ca,CA Enterprise Communicator
cmdb_ci_appl_ca_dir_server,CA eTrust Directory Server
cmdb_ci_appl_ca_ent_man,CA Introscope Enterprise Manager
cmdb_ci_appl_ca_id_man,CA Identity Manager Provisioning Server
cmdb_ci_appl_cisco_call_man,Cisco CallManager
cmdb_ci_appl_cisco_fibre,Cisco Fibre InterConnect
cmdb_ci_appl_citrix_app,Citrix Application Icon
cmdb_ci_appl_citrix_collector,Citrix Collector
cmdb_ci_appl_citrix_xenapp,Citrix XenAPP or Presentation Server
cmdb_ci_appl_connectit,Connect-It Service
cmdb_ci_appl_controlm,Control-M
cmdb_ci_appl_delivery_controler,Delivery Controler
cmdb_ci_appl_doc_brava_proc,Documentum Brava Job Processor
cmdb_ci_appl_doc_brava_server,Documentum Brava License Server
cmdb_ci_appl_doc_docbase,Documentum DocBase
cmdb_ci_appl_doc_docbroker,Documentum Broker
cmdb_ci_appl_dot_net,.NET Application
cmdb_ci_appl_fastsearch,Fast Search
cmdb_ci_appl_generic,Generic Application
cmdb_ci_appl_glassfish,GlassFish
cmdb_ci_appl_glassfish_war,GlassFish WAR
cmdb_ci_appl_groundwork,Groundwork
cmdb_ci_appl_hp_index,HP SM Index Server
cmdb_ci_appl_hp_operations,HP Operations Manager
cmdb_ci_appl_hp_qc,HP Quality Center
cmdb_ci_appl_hp_service,HP Service Manager
cmdb_ci_appl_hp_sm_kb,HP SM KnowledgeBase
cmdb_ci_appl_ibm_cics,IBM CICS
cmdb_ci_appl_ibm_cics_program,IBM CICS Program
cmdb_ci_appl_ibm_cics_region,IBM CICS Region
cmdb_ci_appl_ibm_cics_transaction,IBM CICS Transaction
cmdb_ci_appl_ibm_cicsplex,IBM CICSplex
cmdb_ci_appl_ibm_ctg,IBM CTG
cmdb_ci_appl_ibm_mq_channel,IBM MQ Channel
cmdb_ci_appl_ibm_wmb,IBM WebSphere Message Broker
cmdb_ci_appl_ibm_wmb_listener,IBM WMB Http Listener
cmdb_ci_appl_ibm_wmq,IBM MQ Manager
cmdb_ci_appl_ibm_wmq_queue,IBM MQ Queue
cmdb_ci_appl_ims_program,IMS Program
cmdb_ci_appl_ims_region,IMS Subsystem Region
cmdb_ci_appl_ims_transaction,IMS Transaction
cmdb_ci_appl_intel_ema,Intel® EMA Application
cmdb_ci_appl_itam,ITAM Asset Center
cmdb_ci_appl_jboss_fuse,Jboss Fuse
cmdb_ci_appl_kafka_broker,Kafka Broker
cmdb_ci_appl_kafka_connect,Kafka Connect
cmdb_ci_appl_kafka_consumer,Kafka Consumer
cmdb_ci_appl_kafka_topic,Kafka Topic
cmdb_ci_appl_license_server,Citrix License server
cmdb_ci_appl_mongo_config_serv,Mongo Config Server
cmdb_ci_appl_mongos,Mongos Server
cmdb_ci_appl_mq_queue_alias,IBM MQ Queue Alias
cmdb_ci_appl_mq_queue_local,IBM MQ Queue Local
cmdb_ci_appl_mq_queue_model,IBM MQ Queue Model
cmdb_ci_appl_mq_queue_remote,IBM MQ Queue Remote
cmdb_ci_appl_ms_dynamic_crm,Dynamic CRM Component
cmdb_ci_appl_msmq,MSMQ
cmdb_ci_appl_now_app,ServiceNow Application
cmdb_ci_appl_now_app_comp,ServiceNow Application Component
cmdb_ci_appl_now_connector,ServiceNow Connector
cmdb_ci_appl_now_mid,ServiceNow MID Server
cmdb_ci_appl_ora_conc,Oracle Concurrent Server
cmdb_ci_appl_ora_disc,Oracle Discoverer Engine
cmdb_ci_appl_ora_disc_ui,Oracle Discoverer UI
cmdb_ci_appl_ora_ebs,Oracle ESB
cmdb_ci_appl_ora_forms,Oracle Forms Engine
cmdb_ci_appl_ora_forms_ui,Oracle Forms UI
cmdb_ci_appl_ora_fs,Oracle Fulfillment Server
cmdb_ci_appl_ora_gg_extract,Oracle Golden Gate Extract Process
cmdb_ci_appl_ora_gg_replicat,Oracle Golden Gate Replicat Process
cmdb_ci_appl_ora_http,Oracle HTTP Server
cmdb_ci_appl_ora_jms_queue,Weblogic JMS Queue
cmdb_ci_appl_ora_metric_client,Oracle Metric Client
cmdb_ci_appl_ora_metric_svr,Oracle Metric Server
cmdb_ci_appl_ora_notif_svr,Oracle Notification Server
cmdb_ci_appl_ora_oacore,Oracle OACORE Server
cmdb_ci_appl_ora_oafm,Oracle OAFM Server
cmdb_ci_appl_ora_pm,Oracle Process Manager
cmdb_ci_appl_ora_queue,Advanced Queue Queue
cmdb_ci_appl_ora_report,Oracle Report Server
cmdb_ci_appl_ora_tns,Oracle App TNS Service
cmdb_ci_appl_ora_tnslsnr,Oracle TNS Listener Engine
cmdb_ci_appl_oracle_golden_gate,Oracle Golden Gate
cmdb_ci_appl_pending,Pending Application
cmdb_ci_appl_peoplesoft,Peoplesoft Application Server
cmdb_ci_appl_rabbitmq,RabbitMQ
cmdb_ci_appl_rabbitmq_cluster,RabbitMQ Cluster
cmdb_ci_appl_rabbitmq_queue,RabbitMQ Queue
cmdb_ci_appl_sap,SAP Application
cmdb_ci_appl_sap_ascs,SAP ASCS Application
cmdb_ci_appl_sap_bo,SAP Business Objects CMS server
cmdb_ci_appl_sap_bo_scheduler,SAP BO BOXIScheduleRouter
cmdb_ci_appl_sap_bus_obj,SAP Business Objects
cmdb_ci_appl_sap_ci,SAP CI Application
cmdb_ci_appl_sap_di,SAP DI Application
cmdb_ci_appl_sap_ers,SAP ERS Application
cmdb_ci_appl_sap_hana_db,SAP Hana Db
cmdb_ci_appl_sap_jc,SAP JC Application
cmdb_ci_appl_sap_scs,SAP SCS Application
cmdb_ci_appl_sap_server,SAP Application Server
cmdb_ci_appl_sap_system,SAP System
cmdb_ci_appl_sendmail,Sendmail
cmdb_ci_appl_sharepoint,SharePoint
cmdb_ci_appl_sp_service,SharePoint Service
cmdb_ci_appl_tibco_adapter,Tibco Adapter
cmdb_ci_appl_tibco_hawk,Tibco Hawk
cmdb_ci_appl_tibco_matrix,ActiveMatrix Business Works
cmdb_ci_appl_tibco_matrix_proc,ActiveMatrix Business Works Process
cmdb_ci_appl_tibco_message,Tibco Enterprise Message Service
cmdb_ci_appl_tibco_queue,EMS Queue
cmdb_ci_appl_tuxedo,Tuxedo
cmdb_ci_appl_tuxedo_portal,Tuxedo Portal
cmdb_ci_appl_vign_content_svr,Vignette Content Management Server
cmdb_ci_appl_vignette_search,Vignette Search Starter
cmdb_ci_appl_vignette_server,Vignette Server
cmdb_ci_appl_weblogic_jms,Weblogic JMS Server
cmdb_ci_appl_weblogic_lb,Weblogic LB
cmdb_ci_appl_weblogicmodule,Weblogic Module Server
cmdb_ci_appl_websphere_portal,Websphere Portal
cmdb_ci_appl_wmb,WMB Flow
cmdb_ci_appl_zoo_keeper,Kafka Zoo Keeper
cmdb_ci_application_cluster,Application Cluster
cmdb_ci_application_server_resource,Application Server Resource
cmdb_ci_application_software,Application Software
cmdb_ci_ats_power_eq,Automatic Transfer Switch
cmdb_ci_audio_production_equipment,Audio Production Equipment
cmdb_ci_automation,Automation CI
cmdb_ci_availability_set,Availability Set
cmdb_ci_availability_zone,Availability Zone
cmdb_ci_avi_controller,AVI Controller
cmdb_ci_avi_controller_cluster,AVI Controller Cluster
cmdb_ci_avi_service_engine,AVI Service Engine
cmdb_ci_avi_tenant,AVI Tenant
cmdb_ci_aws_account,AWS Account
cmdb_ci_aws_api_gateway,AWS API Gateway
cmdb_ci_aws_bedrock_ai_agent,AWS Bedrock AI Agent
cmdb_ci_aws_datacenter,AWS Datacenter
cmdb_ci_aws_kinesis,AWS Kinesis
cmdb_ci_aws_kinesis_data,AWS Kinesis Data
cmdb_ci_aws_kinesis_data_analytics,AWS Kinesis Data Analytics
cmdb_ci_aws_kinesis_firehose,AWS Kinesis Firehose
cmdb_ci_aws_kinesis_video,AWS Kinesis Video
cmdb_ci_aws_org_unit,AWS Organizational Unit
cmdb_ci_aws_redshift,Amazon Redshift
cmdb_ci_aws_s3_endpoint,AWS S3 Endpoint
cmdb_ci_aws_sagemaker_agent,AWS SageMaker
cmdb_ci_azure_ai_agent,Azure AI Agent
cmdb_ci_azure_ai_foundry,Azure AI Foundry
cmdb_ci_azure_ai_project,Azure AI Project
cmdb_ci_azure_api_mgmt,Azure API Management
cmdb_ci_azure_datacenter,Azure Datacenter
cmdb_ci_azure_management_group,Azure Management Group
cmdb_ci_azure_subscription,Azure Subscription
cmdb_ci_backup_server,Backup Server
cmdb_ci_base_rpa_process,Base Bot Process
cmdb_ci_base_rpa_robot,Base Robot
cmdb_ci_base_station_controller,Base Station Controller
cmdb_ci_baseband_unit,Baseband Unit
cmdb_ci_batch_job,Batch Job
cmdb_ci_battery_distribution_fuse_bay,Battery Distribution Fuse Bay
cmdb_ci_battery_distribution_fuse_panel,Battery Distribution Fuse Panel
cmdb_ci_beacon_tower_eq,Tower Beacon
cmdb_ci_boks,BoKS
cmdb_ci_boomi_api_gateway,Boomi API Gateway
cmdb_ci_bosh_component,BOSH Component
cmdb_ci_bosh_deployment,BOSH Deployment
cmdb_ci_bridge_domain,Bridge Domain
cmdb_ci_broadcast_sync_generator,Broadcast Sync Generator
cmdb_ci_building_facility,Buildings
cmdb_ci_building_furniture,Building Furniture
cmdb_ci_building_plumbing,Building Plumbing
cmdb_ci_bundled_resources,Bundled Resources
cmdb_ci_business_app,Business Application
cmdb_ci_business_capability,Business Capability
cmdb_ci_business_process,Business Process
cmdb_ci_business_process_activity,Business Process Activity
cmdb_ci_cable,Cable
cmdb_ci_cage,Cage
cmdb_ci_call_content_delivery_unit,Call Content Delivery Unit
cmdb_ci_call_server,Call Server
cmdb_ci_cassandra_cluster,Cassandra Cluster
cmdb_ci_cassandra_cluster_node,Cassandra Cluster Node
cmdb_ci_cassandra_instance,Cassandra Instance
cmdb_ci_cassandra_keyspace,Cassandra Keyspace
cmdb_ci_certificate,Unique Certificate
cmdb_ci_cf_application,Coldfusion Application
cmdb_ci_channel_bank,Channel Bank
cmdb_ci_chassis,Chassis
cmdb_ci_chassis_server,Server Chassis
cmdb_ci_cim_profile,CIM Profiles
cmdb_ci_cim_server,CIM Server
cmdb_ci_circuit,Circuit
cmdb_ci_circuit_breaker,Circuit Breaker
cmdb_ci_cisco_apic,Cisco Apic
cmdb_ci_citrix_netscaler_sdx,Citrix NetScaler SDX
cmdb_ci_cleaning_equipment,Cleaning Equipment
cmdb_ci_cloud_account_group,Cloud Account Group
cmdb_ci_cloud_appserver,Cloud App Server
cmdb_ci_cloud_authentication,Cloud Authentication
cmdb_ci_cloud_database,Cloud DataBase
cmdb_ci_cloud_db_cluster,Cloud DataBase Cluster
cmdb_ci_cloud_direct_connect,Cloud Direct Connect
cmdb_ci_cloud_directory,Cloud Directory
cmdb_ci_cloud_ecs_cluster,AWS Cloud ECS Cluster
cmdb_ci_cloud_ecs_service,AWS Cloud ECS Service
cmdb_ci_cloud_ecs_task,AWS Cloud ECS Task
cmdb_ci_cloud_ecs_task_definition,AWS Cloud ECS TaskDefinition
cmdb_ci_cloud_file_service,Cloud File Service
cmdb_ci_cloud_file_share,Cloud File Share
cmdb_ci_cloud_function,Cloud Function
cmdb_ci_cloud_gateway,Cloud Gateway
cmdb_ci_cloud_hardware_type,Cloud Hardware Type
cmdb_ci_cloud_host,Cloud Host
cmdb_ci_cloud_ip_address,Cloud IP Address
cmdb_ci_cloud_key_pair,Cloud Key Pair
cmdb_ci_cloud_lb_ipaddress,Cloud LB IPAddress
cmdb_ci_cloud_load_balancer,Cloud Load Balancer
cmdb_ci_cloud_location_group,Cloud Location Group
cmdb_ci_cloud_messaging_service,Cloud Messaging Service
cmdb_ci_cloud_monitor_alarm,Cloud Monitor Alarm
cmdb_ci_cloud_monitor_notification,Cloud Monitor Notification
cmdb_ci_cloud_node_pool,Cloud Node Pool
cmdb_ci_cloud_object_service,Cloud Object Service
cmdb_ci_cloud_object_storage,Cloud Object Storage
cmdb_ci_cloud_openstack_domain,OpenStack Domain
cmdb_ci_cloud_openstack_endpoint,OpenStack Endpoint
cmdb_ci_cloud_openstack_service,OpenStack Service
cmdb_ci_cloud_org,Cloud Organizations
cmdb_ci_cloud_os_image,Cloud Image
cmdb_ci_cloud_public_database,Cloud Public DataBase
cmdb_ci_cloud_public_ipaddress,Cloud Public IP Address
cmdb_ci_cloud_queue_service,Cloud Queue Service
cmdb_ci_cloud_resource_base,Cloud Resource Base
cmdb_ci_cloud_service_account,Cloud Service Account
cmdb_ci_cloud_space,IBM Cloud Space
cmdb_ci_cloud_storage_account,Cloud Storage Account
cmdb_ci_cloud_subnet,Cloud Subnet
cmdb_ci_cloud_system_management_agent,Cloud System Management Agent
cmdb_ci_cloud_table_service,Cloud Table Service
cmdb_ci_cloud_topic,Cloud Topic
cmdb_ci_cloud_webserver,Cloud WebServer
cmdb_ci_cluster,Cluster
cmdb_ci_cluster_node,Cluster Node
cmdb_ci_cluster_node_resource,Cluster Node Resource
cmdb_ci_cluster_resource,Cluster Resource
cmdb_ci_cluster_resource_group,Cluster Resource Group
cmdb_ci_cluster_vip,Cluster Virtual IP
cmdb_ci_cluster_vm_affinity_rule,Cluster VM Affinity Rule Info
cmdb_ci_cluster_vm_dependency_rule,Cluster VM Dependency Rule Info
cmdb_ci_cluster_vm_host_rule,Cluster VM Host Rule Info
cmdb_ci_cmp_price_base,Cloud Price Base
cmdb_ci_cmp_price_product_base,Cloud Product Price Base
cmdb_ci_cmp_resource,Cloud Resource
cmdb_ci_cmp_vm_instance_price,VM instance price
cmdb_ci_cohesity_cluster,Cohesity Cluster
cmdb_ci_cohesity_node,Cohesity Node
cmdb_ci_coldfusion_app_inclusion,Coldfusion App Inclusion
cmdb_ci_coldfusion_server,Coldfusion Server
cmdb_ci_comm,Communication Device
cmdb_ci_comm_hardware,Communication Hardware
cmdb_ci_communication_distribution_panel,Communication Distribution Panel
cmdb_ci_compute_security_group,Compute Security Group
cmdb_ci_compute_security_group_rule,Security Group Rule
cmdb_ci_compute_template,Hardware Type
cmdb_ci_computer,Computer
cmdb_ci_computer_room,Computer Room
cmdb_ci_config_automation_server,Management Server
cmdb_ci_config_file,Configuration file
cmdb_ci_config_file_tracked,Tracked Configuration file
cmdb_ci_confluent_env,Confluent Environment
cmdb_ci_connect_direct,Connect Direct
cmdb_ci_connection_medium,Connection Medium
cmdb_ci_connection_service_instance,Connection Service Instance
cmdb_ci_console_extender,Console Extender
cmdb_ci_construction,Construction
cmdb_ci_construction_equipment,Construction Equipment
cmdb_ci_construction_tool,Construction Tool
cmdb_ci_consul,Consul
cmdb_ci_container_cabinet,Cabinet
cmdb_ci_container_multi_rack,Multi Rack
cmdb_ci_container_rack,Equipment Rack
cmdb_ci_container_repository,Container Repository
cmdb_ci_container_repository_entry,Container Repository Entry
cmdb_ci_container_shelf,Container Shelf
cmdb_ci_container_slot,Slot
cmdb_ci_container_subslot,Subslot
cmdb_ci_contribution_equipment,Contribution Equipment
cmdb_ci_converged_infra,Converged Infrastructure
cmdb_ci_couchbase_bucket,Couchbase Bucket
cmdb_ci_couchbase_cluster,Couchbase Cluster
cmdb_ci_couchbase_cluster_node,Couchbase Cluster Node
cmdb_ci_couchbase_cluster_resource,Couchbase Cluster Resource
cmdb_ci_couchbase_instance,Couchbase Instance
cmdb_ci_crac,Computer Room AC
cmdb_ci_csu_dsu_network,CSU/DSU
cmdb_ci_custom_application,Custom Application
cmdb_ci_customer_gateway,Customer Gateway
cmdb_ci_customization_spec,Customization Spec
cmdb_ci_data_service_instance,Data Service Instance
cmdb_ci_database,Database
cmdb_ci_datacenter,Data Center
cmdb_ci_datapower_server,Data Power Hosting Server
cmdb_ci_datastore,Datastore
cmdb_ci_db_catalog,Database Catalog
cmdb_ci_db_db2_catalog,DB2 Database
cmdb_ci_db_db2_instance,DB2 Subsystem
cmdb_ci_db_db2_sharing_group,DB2 Sharing Group
cmdb_ci_db_db2_stored_procedure,DB2 Stored Procedure
cmdb_ci_db_hana_catalog,SAP Hana Catalog
cmdb_ci_db_hbase_instance,HBase Instance
cmdb_ci_db_ims_area,IMS Area
cmdb_ci_db_ims_database,IMS Database
cmdb_ci_db_ims_plex,IMS Plex
cmdb_ci_db_ims_subsystem,IMS Subsystem
cmdb_ci_db_informix_catalog,Informix Catalog
cmdb_ci_db_informix_catalog_inclusion,Informix Catalog Inclusion
cmdb_ci_db_informix_instance,Informix Instance
cmdb_ci_db_instance,Database Instance
cmdb_ci_db_instance_size,DB Instance Size
cmdb_ci_db_mongodb_instance,MongoDB Instance
cmdb_ci_db_mssql_analysis,SQL Server Analysis Services
cmdb_ci_db_mssql_catalog,MSFT SQL Catalog
cmdb_ci_db_mssql_database,MS SQL DataBase
cmdb_ci_db_mssql_instance,MSFT SQL Instance
cmdb_ci_db_mssql_int_job,SQL Server Integration Services Job
cmdb_ci_db_mssql_integration,SQL Server Integration Services
cmdb_ci_db_mssql_reporting,SQL Server Reporting Services
cmdb_ci_db_mssql_server,MS SQL Server
cmdb_ci_db_mysql_catalog,MySQL Catalog
cmdb_ci_db_mysql_clustermgnode,MySQLClusterMGMNode
cmdb_ci_db_mysql_clusternode,MySQLClusterDataNode
cmdb_ci_db_mysql_instance,MySQL Instance
cmdb_ci_db_ora_catalog,Oracle Catalog
cmdb_ci_db_ora_instance,Oracle Instance
cmdb_ci_db_ora_listener,Oracle Database Listener
cmdb_ci_db_ora_pdb_instance,Oracle PDB Instance
cmdb_ci_db_ora_service,Oracle DB Service
cmdb_ci_db_postgresql_instance,PostgreSQL Instance
cmdb_ci_db_syb_catalog,Sybase Catalog
cmdb_ci_db_syb_instance,Sybase Instance
cmdb_ci_dc_plant_battery_pwr,Direct Current Plant Battery Bank
cmdb_ci_dc_plant_eq_power_eq,Direct Current Plant Equipment
cmdb_ci_deployed_marketplace_product,Deployed Marketplace Product
cmdb_ci_deployment_component,Deployment Component
cmdb_ci_desktop_software,Desktop Software
cmdb_ci_digital_cross_connect_patch_panel,Digital Cross Connect Patch Panel
cmdb_ci_digital_cross_connect_system,Digital Cross Connect System
cmdb_ci_digital_distribution_panel,Digital Distribution Panel
cmdb_ci_dir_policy_server,Policy Server
cmdb_ci_dir_site_minder_server,Site Minder
cmdb_ci_directory_ad_forest,AD Forest
cmdb_ci_directory_ha,HA Proxy
cmdb_ci_directory_iifp,IIFP
cmdb_ci_directory_ldap,LDAP DB
cmdb_ci_directory_server,Directory Server
cmdb_ci_disk,Disk
cmdb_ci_disk_partition,Disk Partition
cmdb_ci_disk_type,Cloud Disk Type
cmdb_ci_diskshelf_chassis,Disk Shelf Chassis
cmdb_ci_display,Display Device
cmdb_ci_display_hardware,Display Hardware
cmdb_ci_distributed_antenna_system_controller,Distributed Antenna System Controller
cmdb_ci_distributed_antenna_system_remote,Distributed Antenna System Remote
cmdb_ci_distributed_event_stream,Distributed Event Stream
cmdb_ci_distributed_indoor_radio_unit,Distributed Indoor Radio Unit
cmdb_ci_dns_alias,DNS Alias
cmdb_ci_dns_domain_info,DNS Domain Info
cmdb_ci_dns_name,DNS Name
cmdb_ci_dns_resource_record,DNS Resource Records
cmdb_ci_dns_zone,DNS Zone
cmdb_ci_dns_zone_a_record,DNS Zone A Records
cmdb_ci_dns_zone_aaaa_record,DNS Zone AAAA Records
cmdb_ci_dns_zone_alias_record,DNS Zone Alias
cmdb_ci_dns_zone_cname_record,DNS Zone CNAME
cmdb_ci_docker_container,Docker Container
cmdb_ci_docker_engine,Docker Engine
cmdb_ci_docker_image,Docker Image
cmdb_ci_docker_image_tag,Docker Image Tag
cmdb_ci_docker_local_image,Docker Local Image
cmdb_ci_domestic_appliance,Domestic Appliance
cmdb_ci_drone,Drone
cmdb_ci_drs_vm_config,DRS VM Config
cmdb_ci_dslam,DSLAM
cmdb_ci_dynamodb_global_table,DynamoDB Global Table
cmdb_ci_dynamodb_table,DynamoDB Table
cmdb_ci_ec2_instance,EC2 Virtual Machine Instance
cmdb_ci_echo_cancellation_system,Echo Cancellation System
cmdb_ci_edge_appl,Edge Application
cmdb_ci_edge_device,Edge Device
cmdb_ci_edge_rack,Edge Rack
cmdb_ci_email_server,Email Server
cmdb_ci_email_server_ent_vault,Enterprise Vault
cmdb_ci_email_server_jes,JES
cmdb_ci_enclosure,Enclosure
cmdb_ci_end_of_life_ledger,CMDB CI End Of Life Ledger
cmdb_ci_endpoint,Endpoint
cmdb_ci_endpoint_acl,ACL Endpoint
cmdb_ci_endpoint_ad_domain,Active Directory Domain to Domain Controllers Endpoint
cmdb_ci_endpoint_ad_forest,Active Directory Forest Endpoint
cmdb_ci_endpoint_ad_service_in,AD Service inc
cmdb_ci_endpoint_agility,Agility Endpoint
cmdb_ci_endpoint_ajp,AJP Endpoint
cmdb_ci_endpoint_app,App Icon Inc
cmdb_ci_endpoint_app_storage,Application To Storage Endpoint
cmdb_ci_endpoint_aq,Advanced Queue Endpoint
cmdb_ci_endpoint_aq_queue,AQ Queue
cmdb_ci_endpoint_arn,AWS Resource Name Endpoint
cmdb_ci_endpoint_biztalk,BizTalk Connection Endpoint
cmdb_ci_endpoint_biztalk_orch,BizTalk Inclusion
cmdb_ci_endpoint_block,Block Endpoint
cmdb_ci_endpoint_cassandra,Cassandra Endpoint
cmdb_ci_endpoint_cloud_db_instance,Cloud DB Instance Inclusion
cmdb_ci_endpoint_comp_security,Compute Security Endpoint
cmdb_ci_endpoint_crm,CRM Component Endpoint
cmdb_ci_endpoint_ctg,CTG Endpoint
cmdb_ci_endpoint_cust_gateway,Customer Gateway Endpoint
cmdb_ci_endpoint_db2sql,DB2 UDB Endpoint
cmdb_ci_endpoint_dctm_broker,DCTM Connection to broker Endpoint
cmdb_ci_endpoint_dctm_index,DCTM Index Agent Connection Endpoint
cmdb_ci_endpoint_dctm_job,DCTM Job Processor Endpoint
cmdb_ci_endpoint_dliver_cnrl,Citrix Delivery Controller Endpoint
cmdb_ci_endpoint_docbase,DocBase Connection Endpoint
cmdb_ci_endpoint_ebs,EBS Inc Modules
cmdb_ci_endpoint_ejb,EJB Endpoint
cmdb_ci_endpoint_ems,EMS Endpoint
cmdb_ci_endpoint_ems_jndi,EMS JNDI Endpoint
cmdb_ci_endpoint_ems_queue,EMS Queue EP
cmdb_ci_endpoint_ent_vault,Enterprise Vault Endpoint
cmdb_ci_endpoint_epicd,Epicd Endpoint
cmdb_ci_endpoint_exchange,Exchange 2013 Endpoint
cmdb_ci_endpoint_extnetwork,External Network Endpoint
cmdb_ci_endpoint_f5,F5 Mirror Endpoint
cmdb_ci_endpoint_fastsearch,Fast Search Endpoint
cmdb_ci_endpoint_fromcluster_t,FromCluster_to_RabbitMQ Endpoint
cmdb_ci_endpoint_ftp,FTP Endpoint
cmdb_ci_endpoint_glassfish_war,GlassFish WAR Inc
cmdb_ci_endpoint_hpom,HPOM Endpoint
cmdb_ci_endpoint_http,HTTP(S) Endpoint
cmdb_ci_endpoint_iifp,IIFP Endpoint
cmdb_ci_endpoint_iis,IIS Website
cmdb_ci_endpoint_imap,IMAP Endpoint
cmdb_ci_endpoint_inclusion,Inclusion Endpoint
cmdb_ci_endpoint_inclusion_rabbitmq_queue,RabbitMQ Queue Endpoint
cmdb_ci_endpoint_informix_server,Informix Server Endpoint
cmdb_ci_endpoint_inter_connect,Inter connect Endpoint
cmdb_ci_endpoint_intgateway,Internet Gateway Endpoint
cmdb_ci_endpoint_iscsi,ISCSI Endpoint
cmdb_ci_endpoint_itam,ITAM Asset Center Endpoint
cmdb_ci_endpoint_j2ee_ear,J2EE EAR
cmdb_ci_endpoint_jboss,Jboss Module Inclusion
cmdb_ci_endpoint_jms_flow,JMS Flow Endpoint
cmdb_ci_endpoint_jms_queue,JMS Queue
cmdb_ci_endpoint_jms_server,JMS Server Endpoint
cmdb_ci_endpoint_jrun,Jrun WAR Inc
cmdb_ci_endpoint_ldap,LDAP Endpoint
cmdb_ci_endpoint_ldap_db,LDAP DB EP
cmdb_ci_endpoint_listener_wmb,HTTP Listener to WMB Dependency Endpoint
cmdb_ci_endpoint_manual,Manual Endpoint
cmdb_ci_endpoint_mapi,MAPI Endpoint
cmdb_ci_endpoint_mapi_hub,MAPI-HUB Endpoint
cmdb_ci_endpoint_mq,MQ Endpoint
cmdb_ci_endpoint_mq_flow,MQ Flow Endpoint
cmdb_ci_endpoint_mq_mem,MQ Cross-memory Endpoint
cmdb_ci_endpoint_mq_queue,MQ Queue
cmdb_ci_endpoint_ms_sql,MS SQL db inclusion
cmdb_ci_endpoint_ms_sql_server,MS SQL Server Endpoint
cmdb_ci_endpoint_msmq,MSMQ Flow Endpoint
cmdb_ci_endpoint_mysql_cl_dn,MySQL Cluster Data Node Endpoint
cmdb_ci_endpoint_mysql_cl_mg,MySQL Cluster MGM Endpoint
cmdb_ci_endpoint_mysql_server,MySQL Server Endpoint
cmdb_ci_endpoint_mysql_slave,MySQL Slave Server Endpoint
cmdb_ci_endpoint_nat,NAT Endpoint
cmdb_ci_endpoint_network,Network Endpoint
cmdb_ci_endpoint_nfs,NFS Endpoint
cmdb_ci_endpoint_nntp,NNTP Endpoint
cmdb_ci_endpoint_ob_cluster,Outbound Cluster Endpoint
cmdb_ci_endpoint_obj_cms_srv,Business Objects CMS Server Endpoint
cmdb_ci_endpoint_oracle_db,Oracle DB Endpoint
cmdb_ci_endpoint_oracle_db_schema,Oracle DB schema inclusion
cmdb_ci_endpoint_oracle_esb,Oracle ESB Connection Endpoint
cmdb_ci_endpoint_oracle_ias,Oracle iAS Module INC
cmdb_ci_endpoint_oracle_rac,Oracle RAC DB Endpoint
cmdb_ci_endpoint_oracle_tns,Oracle App TNS Service EP
cmdb_ci_endpoint_peoplesoft,Peoplesoft Application Server Endpoint
cmdb_ci_endpoint_pop3,POP3 Endpoint
cmdb_ci_endpoint_postgresql,PostgreSQL DB Endpoint
cmdb_ci_endpoint_rabbitmq,RabbitMQ Endpoint
cmdb_ci_endpoint_remote_tcp,Remote TCP Cross-memory Endpoint
cmdb_ci_endpoint_rfc,RFC Endpoint
cmdb_ci_endpoint_route_table,Route Table Endpoint
cmdb_ci_endpoint_router,Router Endpoint
cmdb_ci_endpoint_sap,SAP Application Server Endpoint
cmdb_ci_endpoint_sap_app,SAP APP Endpoint
cmdb_ci_endpoint_sap_bo_servers,SAP BO Servers
cmdb_ci_endpoint_sap_bo_srv,SAP BO Servers Endpoint
cmdb_ci_endpoint_sap_db,SAP HANA DB Endpoint
cmdb_ci_endpoint_sharepoint_service,SharePoint Service EP
cmdb_ci_endpoint_sim_flow,Simulation Endpoint
cmdb_ci_endpoint_sim_inc,Simulation Inclusion Endpoint
cmdb_ci_endpoint_smtp,SMTP Endpoint
cmdb_ci_endpoint_sp_connection,Sharepoint connection Endpoint
cmdb_ci_endpoint_ssas,SSAS Endpoint
cmdb_ci_endpoint_ssas_mssql,SSAS for MSSQL Endpoint
cmdb_ci_endpoint_ssis,SSIS Endpoint
cmdb_ci_endpoint_ssis_file,SSIS file Endpoint
cmdb_ci_endpoint_ssis_job,SSIS job
cmdb_ci_endpoint_ssis_mssql,SSIS for MSSQL Endpoint
cmdb_ci_endpoint_storage_fc,Storage FC Connectivity Endpoint
cmdb_ci_endpoint_storefront_comp,StoreFront Components
cmdb_ci_endpoint_storefront_components,StoreFront Components Endpoint
cmdb_ci_endpoint_storf,XenApp or Presentation Server
cmdb_ci_endpoint_subnet,Subnet Endpoint
cmdb_ci_endpoint_sybase,Sybase Endpoint
cmdb_ci_endpoint_tbco_confile,Tibco Conf File Endpoint
cmdb_ci_endpoint_tcp,TCP Endpoint
cmdb_ci_endpoint_tibco_bw,Tibco BW Endpoint
cmdb_ci_endpoint_tibco_bw_proc,Tibco BW process
cmdb_ci_endpoint_tibco_file,Tibco File Listener Endpoint
cmdb_ci_endpoint_tibco_hawk,Tibco Hawk Endpoint
cmdb_ci_endpoint_tomcat_war,Tomcat WAR Inclusion
cmdb_ci_endpoint_vm_esx,VirtualMachine to ESX Storage Endpoint
cmdb_ci_endpoint_vnic,VNIC Endpoint
cmdb_ci_endpoint_vpg,Virtual Private Gateway Endpoint
cmdb_ci_endpoint_weblogic_module,Weblogic Module
cmdb_ci_endpoint_wmb_depend,WMB Dependency Endpoint
cmdb_ci_endpoint_wmb_flow,WMB Flow EP
cmdb_ci_endpoint_xenapp,XenApp or Presentation Server Endpoint
cmdb_ci_endpoint_xenapp_citrx,Citrix StoreFront App Icon Inc
cmdb_ci_endpoint_xenapp_comp,XenApp or Presentation Server Components Endpoint
cmdb_ci_enode_b,EnodeB
cmdb_ci_environment,Environment
cmdb_ci_epic_agent,epic agent
cmdb_ci_epic_cache,epic cache
cmdb_ci_epicd_app_server,epicd app server
cmdb_ci_equipment_holder,Equipment holder
cmdb_ci_esx_resource_pool,ESX Resource Pool
cmdb_ci_esx_server,ESX Server
cmdb_ci_exchange_backend,ExchangeBackEndServer
cmdb_ci_exchange_cas,Exchange Client Access Server
cmdb_ci_exchange_edge_transport_server,Exchange Edge Transport Server
cmdb_ci_exchange_frontend,ExchangeFrontEndServer
cmdb_ci_exchange_hub,ExchangeHub
cmdb_ci_exchange_hub_transport_server,Exchange Hub Transport Server
cmdb_ci_exchange_mailbox,Exchange MailBox
cmdb_ci_exchange_mailbox_server,Exchange Mailbox Server
cmdb_ci_exchange_service_component,Exchange Service Component
cmdb_ci_fabric_interconnect,Fabric Interconnect
cmdb_ci_facility_hardware,Facility Hardware
cmdb_ci_facility_service_instance,Facility Service Instance
cmdb_ci_fan_module,Fan Shelf
cmdb_ci_fc_disk,Fibre Channel Disk
cmdb_ci_fc_export,Fibre Channel Export
cmdb_ci_fc_port,Fibre Channel Port
cmdb_ci_fddi_network,FDDI Cards
cmdb_ci_fiber_cross_connect_panel,Fiber Cross Connect Panel
cmdb_ci_fiber_distribution_panel,Fiber Distribution Panel
cmdb_ci_fiber_serving_terminal,Fiber Serving Terminal
cmdb_ci_file_system,File System
cmdb_ci_file_system_nfs,NFS File system
cmdb_ci_file_system_smb,SMB File system
cmdb_ci_file_system_snapshot,File System Snapshot
cmdb_ci_filler_component,Filler Component
cmdb_ci_firewall_cluster,Firewall Cluster
cmdb_ci_firewall_cluster_fortinet,Fortinet Firewall Cluster
cmdb_ci_firewall_cluster_juniper,Juniper Firewall Cluster
cmdb_ci_firewall_device,Firewall Device
cmdb_ci_firewall_device_cisco,Cisco Firewall Device
cmdb_ci_firewall_device_fortinet,Fortinet Firewall Device
cmdb_ci_firewall_device_group,Firewall Device Group
cmdb_ci_firewall_device_group_panorama,Panorama Firewall Device Group
cmdb_ci_firewall_device_juniper,Juniper Firewall Device
cmdb_ci_firewall_device_palo_alto,Palo Alto Firewall Device
cmdb_ci_firewall_manager,Firewall Manager
cmdb_ci_firewall_manager_panorama,Panorama Firewall Manager
cmdb_ci_firewall_network,Firewall Hardware
cmdb_ci_firewall_sec_policy,Firewall Security Policy
cmdb_ci_firewall_sec_policy_panorama,Panorama Firewall Security Policy
cmdb_ci_flow_automation,Flow Automation
cmdb_ci_forensic_supply,Forensic Supply
cmdb_ci_fortinet_firewall_interface,Fortinet Firewall Interface
cmdb_ci_fortinet_firewall_policy,Fortinet Firewall Policy
cmdb_ci_fortinet_vdom,Fortinet Virtual Domain
cmdb_ci_ftp_server,FTP Server
cmdb_ci_fuel_tank,Fuel Tank
cmdb_ci_function_ai,AI Function
cmdb_ci_function_mcp,MCP Function
cmdb_ci_fuse_alarm_panel,Fuse Alarm Panel
cmdb_ci_game_console,Game Console
cmdb_ci_gcp_folder,Google Organization Folder
cmdb_ci_gcp_project,Google Organization Project
cmdb_ci_generator_power_eq,Power Generator
cmdb_ci_gloo_gateway,Gloo Gateway
cmdb_ci_gnode_b,GnodeB
cmdb_ci_good,Good
cmdb_ci_google_datacenter,Google Datacenter
cmdb_ci_gpu,Graphics Processing Unit
cmdb_ci_group,Group
cmdb_ci_gunicorn,Gunicorn
cmdb_ci_handheld_barcode_scanner,Handheld Barcode Scanner
cmdb_ci_handheld_computing,Handheld Computing Device
cmdb_ci_hardware,Hardware
cmdb_ci_hc_device,Healthcare device
cmdb_ci_heat_baffle,Heat Baffle
cmdb_ci_hmc_server,IBM HMC Server
cmdb_ci_hmi,Human Machine Interface [DEPRECATED]
cmdb_ci_host_cluster,Host Cluster
cmdb_ci_hpe_bladesystem_blade,HPE BladeSystem Blade
cmdb_ci_hpe_bladesystem_enclosure,HPE BladeSystem Enclosure
cmdb_ci_hpux_server,HPUX Server
cmdb_ci_hub_network,Hub Hardware
cmdb_ci_humanitarian_emergency_kit,Humanitarian Emergency Kit
cmdb_ci_humanitarian_item,Humanitarian Item
cmdb_ci_humanitarian_logistic_supply,Humanitarian Logistic Supply
cmdb_ci_humanitarian_ppe,Humanitarian PPE
cmdb_ci_hvac,HVAC Equipment
cmdb_ci_hyper_v_cluster,Hyper-V Cluster
cmdb_ci_hyper_v_instance,Hyper-V Virtual Machine Instance
cmdb_ci_hyper_v_network,Hyper-V Virtual Network
cmdb_ci_hyper_v_network_comp,Hyper-V Virtual Network Component
cmdb_ci_hyper_v_object,Hyper-V Object
cmdb_ci_hyper_v_resource_pool,Hyper-V Resource Pool
cmdb_ci_hyper_v_rpool_comp,Hyper-V Resource Pool Component
cmdb_ci_hyper_v_server,Hyper-V Server
cmdb_ci_hyper_v_storage,Hyper-V Storage
cmdb_ci_hyper_v_storage_comp,Hyper-V Storage Component
cmdb_ci_ibm_api_connect,IBM API Connect
cmdb_ci_ibm_datacenter,IBM Datacenter
cmdb_ci_ibm_frame,IBM Frame
cmdb_ci_ibm_i_server,IBM i Server
cmdb_ci_ibm_vios_server,IBM viOS Server
cmdb_ci_ibm_zos_server,IBM zOS server
cmdb_ci_ibm_ztpf_server,IBM zTPF Server
cmdb_ci_ibm_zvm_server,IBM zVM Server
cmdb_ci_ibm_zvse_server,IBM zVSE Server
cmdb_ci_ids_network,Intrusion Detection System
cmdb_ci_iisdirectory,IIS Virtual Directory
cmdb_ci_imaging,Imaging Device
cmdb_ci_imaging_hardware,Imaging Hardware
cmdb_ci_incomplete_ip,Incomplete IP Identified Device
cmdb_ci_indoor_radio_unit,Indoor Radio Unit
cmdb_ci_industrial_refrigeration,Industrial Refrigeration
cmdb_ci_inetinfo,Inetinfo service
cmdb_ci_inf_software,Infrastructure Software
cmdb_ci_infinibox_cg,Infinibox Primary Consistency Group
cmdb_ci_infinibox_link,Infinibox Link
cmdb_ci_infinibox_replica,Infinibox Replica
cmdb_ci_infinibox_snapshot_cg,Infinibox Snapshot Consistency Group
cmdb_ci_information_object,Information Object
cmdb_ci_infra_service,Infrastructure Service
cmdb_ci_infra_service_ldap,LDAP Service
cmdb_ci_initiator_group,Initiator Group
cmdb_ci_installed_bundles,Installed Bundles
cmdb_ci_instance_scale_set,Instance Scale Set
cmdb_ci_instance_template,Instance template
cmdb_ci_inter_connect,Inter connect
cmdb_ci_interconnect_instance,Interconnect Instance
cmdb_ci_interface_card,Network Interface Card
cmdb_ci_internet_gateway,Internet Gateway
cmdb_ci_inverter,Inverter
cmdb_ci_iot,IoT Device
cmdb_ci_iot_gateway,IoT Gateway
cmdb_ci_ip_address,IP Address
cmdb_ci_ip_camera,IP Camera
cmdb_ci_ip_device,IP Device
cmdb_ci_ip_firewall,IP Firewall
cmdb_ci_ip_network,IP Network
cmdb_ci_ip_network_subnet,Managed IP Network Subnet
cmdb_ci_ip_phone,IP Phone
cmdb_ci_ip_pool,Managed IP Pool
cmdb_ci_ip_router,IP Router
cmdb_ci_ip_server,IP Server
cmdb_ci_ip_service,IP Service Instance
cmdb_ci_ip_switch,IP Switch
cmdb_ci_ipdslam,IP DSLAM
cmdb_ci_iplanet_web_server,Iplanet Web Server
cmdb_ci_isam_server,ISAM Server
cmdb_ci_iscsi_disk,iSCSI Disk
cmdb_ci_iscsi_export,iSCSI Export
cmdb_ci_kafka_cluster,Kafka Cluster
cmdb_ci_kafka_cluster_node,Kafka Cluster Node
cmdb_ci_kafka_consumer_group,Kafka Consumer Group
cmdb_ci_keyboard_video_mouse_switch,Keyboard Video Mouse Switch
cmdb_ci_kong_gateway,Kong Gateway
cmdb_ci_kong_lb,Kong Load Balancer
cmdb_ci_kong_target,Kong Target
cmdb_ci_kubernetes_cluster,Kubernetes Cluster
cmdb_ci_kubernetes_cluster_role,Kubernetes Cluster Role
cmdb_ci_kubernetes_cluster_role_binding,Kubernetes Cluster Role Binding
cmdb_ci_kubernetes_component,Kubernetes Component
cmdb_ci_kubernetes_cronjob,Kubernetes Cronjob
cmdb_ci_kubernetes_daemonset,Kubernetes DaemonSet
cmdb_ci_kubernetes_deployment,Kubernetes Deployment
cmdb_ci_kubernetes_ingress,Kubernetes Ingress
cmdb_ci_kubernetes_job,Kubernetes Job
cmdb_ci_kubernetes_namespace,Kubernetes Namespace
cmdb_ci_kubernetes_node,Kubernetes Node
cmdb_ci_kubernetes_node_pool,Kubernetes Node Pool
cmdb_ci_kubernetes_pod,Kubernetes Pod
cmdb_ci_kubernetes_replicaset,Kubernetes ReplicaSet
cmdb_ci_kubernetes_replicationcontroller,Kubernetes ReplicationController
cmdb_ci_kubernetes_service,Kubernetes Service
cmdb_ci_kubernetes_statefulset,Kubernetes StatefulSet
cmdb_ci_kubernetes_volume,Kubernetes Volume
cmdb_ci_kubernetes_workload,Kubernetes Workload
cmdb_ci_kvm,KVM
cmdb_ci_kvm_network,Network
cmdb_ci_kvm_object,KVM Object
cmdb_ci_kvm_storage_pool,KVM Storage Pool
cmdb_ci_kvm_storage_volume,KVM Storage Volume
cmdb_ci_kvm_vm_instance,KVM Virtual Machine Instance
cmdb_ci_lb,Load Balancer
cmdb_ci_lb_a10,A10 Load Balancer
cmdb_ci_lb_a10_partition,A10 Load Balancer Partition
cmdb_ci_lb_ace,ACE
cmdb_ci_lb_alteon,Alteon
cmdb_ci_lb_appl,Load Balancer Application
cmdb_ci_lb_backend_server,LB Backend Server
cmdb_ci_lb_bigip,F5 BIG-IP
cmdb_ci_lb_cisco_csm,Cisco CSM
cmdb_ci_lb_cisco_css,Cisco CSS
cmdb_ci_lb_cisco_gss,Cisco GSS
cmdb_ci_lb_ckstickinesspolicy,LB Cookie Stickiness Policy
cmdb_ci_lb_datacenter,LB Datacenter
cmdb_ci_lb_f5_gtm,F5 BigIP GTM
cmdb_ci_lb_f5_ltm,F5 BigIP LTM
cmdb_ci_lb_haproxy,HAProxy Load Balancer
cmdb_ci_lb_health_service,Cloud Load Balancer Health Service
cmdb_ci_lb_interface,Load Balancer Interface
cmdb_ci_lb_isa,ISA Server
cmdb_ci_lb_listener,Load Balancer Listener
cmdb_ci_lb_modjk,Modjk Load Balancer
cmdb_ci_lb_modproxy,ModProxy Load Balancer
cmdb_ci_lb_netscaler,Citrix Netscaler
cmdb_ci_lb_network,Network Load Balancer
cmdb_ci_lb_nginx,Nginx Load Balancer
cmdb_ci_lb_pool,Load Balancer Pool
cmdb_ci_lb_pool_member,Load Balancer Pool Member
cmdb_ci_lb_radware,Radware Load Balancer
cmdb_ci_lb_service,Load Balancer Service
cmdb_ci_lb_template,Load Balancer Template
cmdb_ci_lb_vlan,Load Balancer VLAN
cmdb_ci_lif,LIF
cmdb_ci_linux_server,Linux Server
cmdb_ci_logical_composite,Logical Composite
cmdb_ci_logical_datacenter,Logical Datacenter
cmdb_ci_lpar,Logical Partition
cmdb_ci_lpar_instance,IBM LPAR Instance
cmdb_ci_lpar_resource,LPAR Resource
cmdb_ci_lvm_pool,LVM Pool
cmdb_ci_lvm_pool_member,LVM Pool Member
cmdb_ci_m2m_custom_application_ci,Custom Application Configuration Item
cmdb_ci_mainframe,IBM Mainframe
cmdb_ci_mainframe_hardware,Mainframe Hardware
cmdb_ci_mainframe_lpar,IBM Mainframe LPAR
cmdb_ci_mainframe_sysplex,Mainframe Sysplex
cmdb_ci_maintenance_bypass_panel,Maintenance Bypass Panel
cmdb_ci_managed_api,Managed API
cmdb_ci_managed_network,Managed Network
cmdb_ci_manufacturing,Manufacturing Device [DEPRECATED]
cmdb_ci_med_clinical_device,Clinical Device
cmdb_ci_med_dental,Dental Equipment
cmdb_ci_med_device,Medical device
cmdb_ci_med_diagnostic,Medical Diagnostic Device [DEPRECATED]
cmdb_ci_med_diagnostic_imaging,Diagnostic Imaging
cmdb_ci_med_lab_equipment,Lab Equipment
cmdb_ci_med_measuring,Medical Measuring Device [DEPRECATED]
cmdb_ci_med_monitoring,Medical Monitoring Device [DEPRECATED]
cmdb_ci_med_patient_implant,Patient Implant
cmdb_ci_med_patient_monitoring,Patient Monitoring
cmdb_ci_med_support,Medical Support Device [DEPRECATED]
cmdb_ci_med_surgical_instrument,Surgical Instrument
cmdb_ci_med_therapeutic_device,Therapeutic Device
cmdb_ci_med_theraputic,Medical Therapeutic Device [DEPRECATED]
cmdb_ci_media_control_routing_equipment,Media Control and Routing Equipment
cmdb_ci_media_converter,Media Converter
cmdb_ci_media_gateway,Media Gateway
cmdb_ci_media_player,Media Player
cmdb_ci_medical,Medical Device [DEPRECATED]
cmdb_ci_memory_module,Memory Module
cmdb_ci_metric_extension,ITOA Metric Extension
cmdb_ci_mfp_printer,Multi-function Printer
cmdb_ci_microsoft_iis_web_server,Microsoft iis Web Server
cmdb_ci_microwave_radio_equipment,Microwave Radio Equipment
cmdb_ci_mirror_template,Mirror Template
cmdb_ci_mixed_node_b,Mixed NodeB
cmdb_ci_mobile_switching_center,Mobile Switching Center
cmdb_ci_mobility_management_entity,Mobility Management Entity
cmdb_ci_model_entry,Model Entry
cmdb_ci_modem_network,Modem Hardware
cmdb_ci_mongo_database,Mongo Database
cmdb_ci_monitor_control,Display Monitor Control
cmdb_ci_monitoring_hardware,Monitoring Equipment
cmdb_ci_monitoring_unit,Monitoring Unit Shelf
cmdb_ci_mpio_pool,Multipath IO Pool
cmdb_ci_mpio_pool_group,Multipath IO Pool Group
cmdb_ci_mpio_pool_path,Multipath IO Pool Path
cmdb_ci_msd,Mass Storage Device
cmdb_ci_mssql_ag,MSSQL Availability Group
cmdb_ci_mssql_ag_listener,MSSQL Availability Group Listener
cmdb_ci_mssql_ag_replica,MSSQL Availability Group Replica
cmdb_ci_mssql_cluster,MSSQL Cluster
cmdb_ci_mssql_cluster_node,MSSQL Cluster Node
cmdb_ci_multi_service_network_router,Multi Service Network Router
cmdb_ci_multi_service_switch,Multi Service Switch
cmdb_ci_multimedia,Multimedia Device
cmdb_ci_multimedia_production_equipment,Multimedia Production Equipment
cmdb_ci_multiplexer,Multiplexer
cmdb_ci_nas_file_system,NAS File System
cmdb_ci_nas_storage,NAS Storage
cmdb_ci_nat_gateway,NAT Gateway
cmdb_ci_net_app_host,Network Appliance Hostname
cmdb_ci_net_app_server,Network Appliance Hardware
cmdb_ci_net_traffic,Network Traffic
cmdb_ci_netapp_cdot,Netapp CDOT
cmdb_ci_netapp_datacenter,Netapp Datacenter
cmdb_ci_netapp_svm,Netapp SVM
cmdb_ci_netapp_volume,Netapp Volume
cmdb_ci_netgear,Network Gear
cmdb_ci_netware_server,Netware Server
cmdb_ci_network,Cloud Network
cmdb_ci_network_acl,Network ACL
cmdb_ci_network_acl_rule,Network ACL Rule
cmdb_ci_network_adapter,Network Adapter
cmdb_ci_network_circuit,Network Circuit
cmdb_ci_network_controller,Network Controller
cmdb_ci_network_function_application,Network Function Application
cmdb_ci_network_function_instance,Network Function
cmdb_ci_network_host,Network Hostname
cmdb_ci_network_interface_device,Network Interface Device
cmdb_ci_network_interface_unit,Network Interface Unit
cmdb_ci_network_link,Network Link
cmdb_ci_network_monitoring,Network Monitoring
cmdb_ci_network_node,Network Node
cmdb_ci_network_packet_broker,Network Packet Broker
cmdb_ci_network_policy_group,Network Policy Group
cmdb_ci_network_port,Network Port
cmdb_ci_network_security_equipment,Network Security Equipment
cmdb_ci_network_service_instance,Network Service Instance
cmdb_ci_network_tap,Network Tap
cmdb_ci_network_template,Network Template
cmdb_ci_network_testing_unit,Network Testing Unit
cmdb_ci_network_timing,Network Timing
cmdb_ci_network_topology,Network Topology
cmdb_ci_nginx_web_server,Nginx Web Server
cmdb_ci_ni_interface,Network Interface
cmdb_ci_ni_logical_path,Logical connection
cmdb_ci_ni_physical_link,Physical connection
cmdb_ci_ni_site,Network Site
cmdb_ci_ni_telco_equipment,Telco equipment
cmdb_ci_nic,Cloud Mgmt Network Interface
cmdb_ci_nids,Network Intrusion Detection System
cmdb_ci_node_b,Node B
cmdb_ci_nsx_edge_cluster_group,NSX Edge Cluster Group
cmdb_ci_nsx_gateway_resource,NSX Gateway Resource
cmdb_ci_nsx_lb,NSX Load Balancer
cmdb_ci_nsx_management_cluster,NSX Management Cluster
cmdb_ci_nsx_management_cluster_node,NSX Management Cluster Node
cmdb_ci_nsx_management_cluster_node_group,NSX Management Cluster Node Group
cmdb_ci_nsx_resource,NSX Resource
cmdb_ci_nsx_segment_resource,NSX Segment Resource
cmdb_ci_nsx_transport_node_resource,NSX Transport Node Resource
cmdb_ci_nsx_transport_zone_resource,NSX Transport Zone Resource
cmdb_ci_nsx_virtual_switch_resource,NSX Virtual Switch Resource
cmdb_ci_nutanix_cluster,Nutanix Cluster
cmdb_ci_nutanix_controller_vm,Nutanix Controller VM
cmdb_ci_nutanix_host,Nutanix Host
cmdb_ci_nutanix_prism_central,Nutanix Prism Central
cmdb_ci_nutanix_storage_container,Nutanix Storage Container
cmdb_ci_nutanix_storage_pool,Nutanix Storage Pool
cmdb_ci_nutanix_vm_instance,Nutanix Virtual Machine Instance
cmdb_ci_oci_datacenter,OCI Datacenter
cmdb_ci_oe,Operational Equipment
cmdb_ci_openshift_build_conf,OpenShift Build Config
cmdb_ci_openshift_dep_conf,OpenShift Deployed Config
cmdb_ci_openshift_docker_images_repository,OpenShift Docker Image Repository
cmdb_ci_openshift_group,OpenShift Group
cmdb_ci_openshift_images,OpenShift Image
cmdb_ci_openshift_images_stream,OpenShift Image Stream
cmdb_ci_openshift_project,OpenShift Project
cmdb_ci_openshift_route,OpenShift Route
cmdb_ci_openshift_source_2_image,OpenShift Source2Image
cmdb_ci_openshift_user,OpenShift User
cmdb_ci_openstack_datacenter,Openstack Datacenter
cmdb_ci_openstack_hypervisor_view,OpenStack Hypervisor View
cmdb_ci_openstack_object,OpenStack Object
cmdb_ci_operational_process_service_instance,Operational Process Service Instance
cmdb_ci_optical_carrier_transport_node,Optical Carrier Transport Node
cmdb_ci_optical_fiber_cable,Optical Fiber Cable
cmdb_ci_optical_fiber_strand,Optical Fiber Strand
cmdb_ci_optical_line_amplifier,Optical Line Amplifier
cmdb_ci_optical_line_terminal,OLT
cmdb_ci_optical_network_terminal,ONT
cmdb_ci_optical_network_unit,ONU
cmdb_ci_optical_splitter,Optical Splitter
cmdb_ci_oracle_asm,Automatic Storage Management
cmdb_ci_oracle_bi_presentation_service,Oracle BI Presentation Service
cmdb_ci_oracle_bi_scheduler,Oracle BI Scheduler
cmdb_ci_oracle_bi_server,Oracle BI Server
cmdb_ci_oracle_cluster,Oracle Cluster
cmdb_ci_oracle_cluster_node,Oracle Cluster Node
cmdb_ci_oracle_database,Oracle Database
cmdb_ci_oracle_enqueue_monitor,Oracle Enqueue Monitor
cmdb_ci_oracle_management_agent,Oracle Management Agent
cmdb_ci_os_packages,Package
cmdb_ci_os_template,Image
cmdb_ci_oslv_container,Operating-system-level Virtualization Container
cmdb_ci_oslv_engine,Operating-system-level Virtualization Engine
cmdb_ci_oslv_image,Operating-system-level Virtualization Image
cmdb_ci_oslv_image_tag,Operating-system-level Virtualization Image Tag
cmdb_ci_oslv_local_image,Operating-system-level Virtualization Local Image
cmdb_ci_osx_server,OS/X Server
cmdb_ci_ot,Operational Technology (OT)
cmdb_ci_ot_cnc,CNC
cmdb_ci_ot_control,OT Control System
cmdb_ci_ot_control_module,OT Control Module
cmdb_ci_ot_dcs,DCS
cmdb_ci_ot_dpu,DPU
cmdb_ci_ot_ews,EWS
cmdb_ci_ot_field_device,OT Field Device
cmdb_ci_ot_historian,Historian
cmdb_ci_ot_hmi,HMI
cmdb_ci_ot_ied,IED
cmdb_ci_ot_industrial_3d_printer,Industrial 3D Printer
cmdb_ci_ot_industrial_actuator,Industrial Actuator
cmdb_ci_ot_industrial_drive,Industrial Drive
cmdb_ci_ot_industrial_robot,Industrial Robot
cmdb_ci_ot_industrial_sensor,Industrial Sensor
cmdb_ci_ot_opc_client,OPC Client
cmdb_ci_ot_opc_server,OPC Server
cmdb_ci_ot_plc,PLC
cmdb_ci_ot_qics,Quality Inspection Control System
cmdb_ci_ot_rtu,RTU
cmdb_ci_ot_scada_client,SCADA Client
cmdb_ci_ot_scada_server,SCADA Server
cmdb_ci_ot_supervisory,OT Supervisory System
cmdb_ci_ot_system_service,OT System Service
cmdb_ci_outage,Outage
cmdb_ci_outofband_device,Out-of-Band Device
cmdb_ci_patches,Patch
cmdb_ci_payment,Payment Device
cmdb_ci_pc_hardware,Personal Computer
cmdb_ci_pcf_appl,CloudFoundry Application
cmdb_ci_pcf_component,CloudFoundry Component
cmdb_ci_pcf_domain,CloudFoundry Domain
cmdb_ci_pcf_droplet,CloudFoundry Droplet
cmdb_ci_pcf_foundation,CloudFoundry Cluster
cmdb_ci_pcf_organization,CloudFoundry Organization
cmdb_ci_pcf_quota,CloudFoundry Quota
cmdb_ci_pcf_route,CloudFoundry Route
cmdb_ci_pcf_service,Cloud Foundry Service
cmdb_ci_pcf_service_plan,Cloud Foundry Service Plan
cmdb_ci_pcf_space,CloudFoundry Space
cmdb_ci_pcf_space_instance,CloudFoundry Space Service Instance
cmdb_ci_pdu,PDU
cmdb_ci_pdu_outlet,Outlet
cmdb_ci_perf_template,Performance Template
cmdb_ci_peripheral,Computer Peripheral
cmdb_ci_personal_printer,Personal Printer
cmdb_ci_plc,Programmable Logic Controller [DEPRECATED]
cmdb_ci_plotter,Plotter
cmdb_ci_port,Port
cmdb_ci_port_group,Port Group
cmdb_ci_pos,Point of Sale Device
cmdb_ci_postgresql_schema,PostgreSQL Schema
cmdb_ci_power_eq,Power Equipment
cmdb_ci_power_over_ethernet_device,Power Over Ethernet Device
cmdb_ci_power_panel,Power Panel
cmdb_ci_primary_flexibility_point,Primary Flexibility Point
cmdb_ci_print_queue,Print Queue
cmdb_ci_printer,Printer
cmdb_ci_printing_hardware,Printing Hardware
cmdb_ci_private_branch_exchange,Private Branch Exchange
cmdb_ci_processing_unit,Processing Unit
cmdb_ci_processor_pool,IBM HMC Processor pool
cmdb_ci_production_camera,Production Camera
cmdb_ci_protection_template,Protection Template
cmdb_ci_protocol_converter,Protocol Converter
cmdb_ci_provider_device,Provider Device
cmdb_ci_puppet_master,Puppet Primary
cmdb_ci_qtree,Qtree
cmdb_ci_qualifier,Qualifier
cmdb_ci_qualifier_boundary_connection,Boundary Connection Qualifier
cmdb_ci_qualifier_entrypoint,Entrypoint Marker
cmdb_ci_qualifier_external_connection,External Connection Qualifier
cmdb_ci_qualifier_hidden_conn,Hidden Connection Qualifier
cmdb_ci_qualifier_manual_ci_endpoint,Manual CI Endpoint Qualifier
cmdb_ci_qualifier_manual_connection,Manual Connection Qualifier
cmdb_ci_qualifier_traffic_based_connection,Traffic Based Connection Qualifier
cmdb_ci_query_based_service,Dynamic CI Group
cmdb_ci_rack,Rack
cmdb_ci_rack_pdu,Rack PDU
cmdb_ci_rack_rail,Rack Rail
cmdb_ci_radio_access_network,Radio Access Network
cmdb_ci_radio_control_hardware,Radio Control Hardware
cmdb_ci_radio_extender,Radio Extender
cmdb_ci_radio_network_controller,Radio Network Controller (RNC)
cmdb_ci_radio_transmission_hardware,Radio Transmission Hardware
cmdb_ci_raid,RAID
cmdb_ci_raid_member,RAID Member
cmdb_ci_rectifier,Rectifier
cmdb_ci_remote_backup_template,Remote Backup Template
cmdb_ci_remote_power_panel,Remote Power Panel
cmdb_ci_remote_radio_unit,Remote Radio Unit
cmdb_ci_repeater,Repeater
cmdb_ci_residential_gateway,Residential Gateway
cmdb_ci_resource_group,Resource Group
cmdb_ci_rhv_cluster,RHV Cluster
cmdb_ci_rhv_ldc,RHV LDC
cmdb_ci_rhv_manager,RHV Manager
cmdb_ci_rhv_object,RHV Object
cmdb_ci_rhv_server,RHV Server
cmdb_ci_rhv_vm_instance,RHV Virtual Machine Instance
cmdb_ci_rj45_patch_panel,RJ45 Patch Panel
cmdb_ci_route,Route
cmdb_ci_route_table,Route Table
cmdb_ci_router,Router
cmdb_ci_routing_policy,Routing Policy
cmdb_ci_rubrik_cluster,Rubrik Cluster
cmdb_ci_rubrik_db_ora_rac,Rubrik Oracle RAC
cmdb_ci_rubrik_fileset,Rubrik Fileset
cmdb_ci_rubrik_fileset_template,Rubrik Fileset Template
cmdb_ci_rubrik_node,Rubrik Node
cmdb_ci_rubrik_node_disk,Rubrik Node Disk
cmdb_ci_rubrik_sla_domain,Rubrik SLA Domain
cmdb_ci_rubrik_vm_instance,Rubrik Virtual Machine Instance
cmdb_ci_rubrik_volume_group,Rubrik Volume Group
cmdb_ci_sa_dynamic_policy,Dynamic Scaling Policy
cmdb_ci_sa_launch_config,Server Array Launch Configuration
cmdb_ci_sa_scaling_pol_base,Scaling Policy
cmdb_ci_sa_server_array,Virtual Server Array
cmdb_ci_sa_simple_policy,Simple Scaling Policy
cmdb_ci_san,Storage Area Network
cmdb_ci_san_connection,SAN Connection
cmdb_ci_san_disk,SAN Disk
cmdb_ci_san_endpoint,SAN Endpoint
cmdb_ci_san_export,SAN Export
cmdb_ci_san_fabric,SAN Fabric
cmdb_ci_san_zone,SAN Zone
cmdb_ci_san_zone_alias,SAN Zone Alias
cmdb_ci_san_zone_alias_member,SAN Zone Alias Member
cmdb_ci_san_zone_member,SAN Zone Member
cmdb_ci_san_zone_set,SAN Zone Set
cmdb_ci_sap_abap_software_component,SAP ABAP Software Component
cmdb_ci_sap_client,SAP Client
cmdb_ci_sap_j2ee_software_component,SAP J2EE Software Component
cmdb_ci_sap_namespace,SAP Namespace
cmdb_ci_sap_note,SAP Note
cmdb_ci_sap_note_implementation,SAP Note Implementation
cmdb_ci_sap_sid,SAP SID
cmdb_ci_sbc,Single Board Computing
cmdb_ci_scanner,Scanner
cmdb_ci_schedule_policy_template,Schedule Policy Template
cmdb_ci_sdlc_component,SDLC Component
cmdb_ci_sdwan_controller,SDWAN Controller
cmdb_ci_sdwan_edge,SDWAN Edge
cmdb_ci_sdwan_port,SDWAN Port
cmdb_ci_security,Security Device
cmdb_ci_security_grp_template,Compute Security Group Template
cmdb_ci_server,Server
cmdb_ci_server_hardware,Server Hardware
cmdb_ci_server_snapshot,Server Snapshot
cmdb_ci_serverless_hardware,Serverless Hardware
cmdb_ci_service,Service
cmdb_ci_service_aggregation_router,Service Aggregation Router
cmdb_ci_service_auto,Service Instance
cmdb_ci_service_business,Business Service
cmdb_ci_service_calculated,Calculated Application Service
cmdb_ci_service_control_point,Service Control Point (SCP)
cmdb_ci_service_discovered,Mapped Application Service
cmdb_ci_service_group,Application Service Group
cmdb_ci_service_industry_equipment,Service Industry Equipment
cmdb_ci_service_manual,Manual Service
cmdb_ci_service_switching_point,Service Switching Point (SSP)
cmdb_ci_service_technical,Technology Management Service
cmdb_ci_serving_area_interface,Serving Area Interface
cmdb_ci_serving_gprs_support_node,Serving GPRS Support Node
cmdb_ci_session_border_controller,Session Border Controller (SBC)
cmdb_ci_ship,Ship
cmdb_ci_signal_processor_amplifier,Signal Processor and Amplifier
cmdb_ci_signal_transfer_point,Signal Transfer Point
cmdb_ci_sim_card,SIM Card
cmdb_ci_site,Site
cmdb_ci_small_cell_radio_gateway,Small Cell Radio Gateway
cmdb_ci_small_cell_radio_node,Small Cell Radio Node
cmdb_ci_snapshot_template,Snapshot Template
cmdb_ci_snat_ip_pool,SNAT IP Pool
cmdb_ci_solaris_instance,Solaris Virtual Machine Instance
cmdb_ci_solaris_server,Solaris Server
cmdb_ci_spkg,Software
cmdb_ci_splice_closure,Splice Closure
cmdb_ci_stage_studio_lighting,Stage and Studio Lighting
cmdb_ci_state_management_task_to_ci,CMDB CI State Management Task To CIs
cmdb_ci_storage_access_policy,Storage Access Policy
cmdb_ci_storage_cg,Storage Consistency Group
cmdb_ci_storage_cluster,Storage Cluster
cmdb_ci_storage_cluster_node,Storage Cluster Node
cmdb_ci_storage_container,Storage Container
cmdb_ci_storage_controller,Storage Controller
cmdb_ci_storage_def_template,Storage Default Template
cmdb_ci_storage_device,Storage Device
cmdb_ci_storage_disk,Storage Disk
cmdb_ci_storage_eff_template,Storage Efficiency Template
cmdb_ci_storage_enclosure,Storage Enclosure
cmdb_ci_storage_export,Storage Export
cmdb_ci_storage_fileshare,Storage File Share
cmdb_ci_storage_fileshare_pure,Pure Storage File Share
cmdb_ci_storage_hba,Storage HBA
cmdb_ci_storage_mapping,Storage Mapping
cmdb_ci_storage_node,Storage Node
cmdb_ci_storage_node_element,Storage Node Element
cmdb_ci_storage_pool,Storage Pool
cmdb_ci_storage_pool_member,Storage Pool Member
cmdb_ci_storage_port,Storage Port
cmdb_ci_storage_processor_pure,Pure Storage Processor
cmdb_ci_storage_replica,Storage Replica
cmdb_ci_storage_server,Storage Server
cmdb_ci_storage_switch,Storage Switch
cmdb_ci_storage_vol_snapshot,Storage Volume Snapshot
cmdb_ci_storage_volume,Storage Volume
cmdb_ci_strand,Strand
cmdb_ci_stv,Smart Television
cmdb_ci_subnet,Cloud Mgmt Subnet
cmdb_ci_sun_dir_proxy_server,Sun Directory Proxy Server
cmdb_ci_sun_ldap_dir_server,Sun LDAP Server
cmdb_ci_surge_power_eq,Surger Protection Equipment
cmdb_ci_switch,Switch
cmdb_ci_switchgear,Switchgear
cmdb_ci_tactical_equipment,Tactical Equipment
cmdb_ci_tactical_ppe,Tactical PPE
cmdb_ci_tape_server,Server Tape Unit
cmdb_ci_telco_control_component,Control Component
cmdb_ci_telecom_type,Telecom Type
cmdb_ci_teleprompter,Teleprompter
cmdb_ci_testing_equipment,Testing Equipment
cmdb_ci_tomcat_connector,Tomcat Connector
cmdb_ci_topic_inc_ep,Topic Inclusion End Point
cmdb_ci_topology,Topology
cmdb_ci_tower_eq,Tower Equipment
cmdb_ci_tower_light_tower_eq,Tower Lights
cmdb_ci_tower_tower_eq,Tower
cmdb_ci_train,Train
cmdb_ci_transformer,Transformer
cmdb_ci_translation_rule,Translation Rule
cmdb_ci_transmission_control_unit,Transmission Control Unit (TCU)
cmdb_ci_transport,Transport Type
cmdb_ci_twr_light_cnt_tower_eq,Tower Light Controller
cmdb_ci_tyk_api_gateway,Tyk API Gateway
cmdb_ci_ucs_blade,Cisco UCS Blade
cmdb_ci_ucs_chassis,Cisco UCS Chassis
cmdb_ci_ucs_equipment,Cisco UCS Equipment
cmdb_ci_ucs_rack_unit,Cisco UCS Rack Mount Unit
cmdb_ci_unclassed_hardware,Unclassed Hardware
cmdb_ci_universal_customer_premises_equipment,Universal Customer Premises Equipment (uCPE)
cmdb_ci_unix_cluster,UNIX Cluster
cmdb_ci_unix_cluster_node,UNIX Cluster Node
cmdb_ci_unix_cluster_resource,UNIX Cluster Resource
cmdb_ci_unix_daemon,UNIX Daemon
cmdb_ci_unix_server,UNIX Server
cmdb_ci_unmatched_api_endpoint,Unmatched API Endpoint
cmdb_ci_ups,UPS
cmdb_ci_ups_alarm,UPS Alarm
cmdb_ci_ups_bypass,UPS Bypass
cmdb_ci_ups_input,UPS Input
cmdb_ci_ups_output,UPS Output
cmdb_ci_ups_power_eq,Uninterruptible Power Supply
cmdb_ci_v35_patch_panel,V35 Patch Panel
cmdb_ci_vcenter,VMware vCenter Instance
cmdb_ci_vcenter_cluster,VMware vCenter Cluster
cmdb_ci_vcenter_cluster_drs_rule,VMWare vCenter Cluster DRS Rule
cmdb_ci_vcenter_datacenter,VMware vCenter Datacenter
cmdb_ci_vcenter_datastore,VMware vCenter Datastore
cmdb_ci_vcenter_datastore_disk,Datastore Disk
cmdb_ci_vcenter_dv_port_group,VMware Distributed Virtual Port Group
cmdb_ci_vcenter_dvs,VMware Distributed Virtual Switch
cmdb_ci_vcenter_folder,VMware vCenter Folder
cmdb_ci_vcenter_host_group,VMware vCenter Host Group
cmdb_ci_vcenter_network,VMware vCenter Network
cmdb_ci_vcenter_object,VMware vCenter Object
cmdb_ci_vcenter_server_obj,VMware vCenter Server Object
cmdb_ci_vcenter_vm_group,VMware vCenter VM Group
cmdb_ci_vehicle,Vehicle
cmdb_ci_veritas_disk,Veritas Disk
cmdb_ci_veritas_disk_group,Veritas Disk Group
cmdb_ci_veritas_plex,Veritas Plex
cmdb_ci_veritas_replicator,Veritas Replicator
cmdb_ci_veritas_subdisk,Veritas Subdisk
cmdb_ci_veritas_volume,Veritas Volume
cmdb_ci_video_playout_equipment,Video Playout Equipment
cmdb_ci_video_precision_monitor,Video Precision Monitor
cmdb_ci_video_production_equipment,Video Production Equipment
cmdb_ci_virtual_desktop,Virtual Desktop
cmdb_ci_virtual_pvt_gateway,Virtual Private Gateway
cmdb_ci_virtualization_server,Virtualization Server
cmdb_ci_vm,Virtual Machine HyperVisor
cmdb_ci_vm_instance,Virtual Machine Instance
cmdb_ci_vm_object,Virtual Machine Object
cmdb_ci_vm_parallels,Parallels
cmdb_ci_vm_template,Virtual Machine Template
cmdb_ci_vm_user_credentials,VM User Credentials
cmdb_ci_vm_vmware,VMware
cmdb_ci_vm_zones,Zones
cmdb_ci_vms_appl,Video Management System
cmdb_ci_vmware_instance,VMware Virtual Machine Instance
cmdb_ci_vmware_nic,VMware Network Adapter
cmdb_ci_vmware_template,VMware Virtual Machine Template
cmdb_ci_vnet_peering,Virtual Network Peering
cmdb_ci_voice_activity_detection_equipment,Voice Activity Detection Equipment
cmdb_ci_voice_gateway,Voice Gateway
cmdb_ci_voice_switch,Voice Switch
cmdb_ci_voicemail_equipment,Voicemail Equipment
cmdb_ci_volume_template,Volume Template
cmdb_ci_vpc,Virtual Private Cloud
cmdb_ci_vpc_gateway_connection,Virtual Network Gateway Connection
cmdb_ci_vpn,Virtual Private Network
cmdb_ci_vpn_connection,VPN Connection
cmdb_ci_vserver_peer,VServer Peer
cmdb_ci_wan_accel_network,WAN Accelerator
cmdb_ci_wap_network,Wireless Access Point
cmdb_ci_wbem_service,WBEM Service
cmdb_ci_wdm,WDM
cmdb_ci_weapon,Weapon
cmdb_ci_wearable,Wearable Technology
cmdb_ci_wearable_clothing,Wearable Clothing
cmdb_ci_wearable_uniform,Wearable Uniform
cmdb_ci_web_acl,Web ACL
cmdb_ci_web_application,Web Application
cmdb_ci_web_domino,Lotus Domino HTTP Server
cmdb_ci_web_server,Web Server
cmdb_ci_web_service,Web Service
cmdb_ci_web_site,Web Site
cmdb_ci_webseal_backend_server,Webseal Backend Server
cmdb_ci_webseal_junction,Webseal Junction
cmdb_ci_webseal_reverse_proxy,Webseal Reverse Proxy
cmdb_ci_websphere_cell,Websphere Cell
cmdb_ci_win_cluster,Windows Cluster
cmdb_ci_win_cluster_node,Windows Cluster Node
cmdb_ci_win_cluster_resource,Windows Cluster Resource
cmdb_ci_win_domain_controller,Windows Domain Controller
cmdb_ci_win_server,Windows Server
cmdb_ci_windows_service,Windows Service
cmdb_ci_wire_manager,Wire Manager
cmdb_ci_wireless_sector,Wireless Sector
cmdb_ci_workload_config_provider,Workload Config Provider
cmdb_ci_zone,Data Center Zone
cmdb_ci_zoo_keeper_cluster,Zoo Keeper Cluster
cmdb_ci_zoo_keeper_cluster_node,Zoo Keeper Cluster Node
